"cuad";"subcuad";"latitude";"longitude";"fleet";"trimester";"fishing_h"
"343";"c";-34.75;-53.75;"B";4;1.98861111111111
"344";"c";-34.75;-54.75;"A";3;0.998611111111111
"344";"c";-34.75;-54.75;"B";1;5.87194444444444
"344";"c";-34.75;-54.75;"B";2;8.02166666666667
"344";"c";-34.75;-54.75;"B";3;53.5738888888889
"344";"c";-34.75;-54.75;"B";4;0.836666666666667
"344";"d";-34.75;-54.25;"B";1;5.57166666666667
"344";"d";-34.75;-54.25;"B";2;36.4952777777778
"344";"d";-34.75;-54.25;"B";3;79.2375
"344";"d";-34.75;-54.25;"B";4;20.5866666666667
"345";"c";-34.75;-55.75;"A";3;5.74666666666667
"345";"c";-34.75;-55.75;"B";1;5.75083333333333
"345";"c";-34.75;-55.75;"B";2;23.0241666666667
"345";"c";-34.75;-55.75;"B";3;496.321111111111
"345";"c";-34.75;-55.75;"B";4;553.2875
"345";"d";-34.75;-55.25;"A";3;2.10888888888889
"345";"d";-34.75;-55.25;"B";1;4.51111111111111
"345";"d";-34.75;-55.25;"B";2;16.5772222222222
"345";"d";-34.75;-55.25;"B";3;113.050277777778
"345";"d";-34.75;-55.25;"B";4;23.9647222222222
"346";"c";-34.75;-56.75;"B";3;88.4111111111111
"346";"d";-34.75;-56.25;"A";3;1.59583333333333
"346";"d";-34.75;-56.25;"B";3;28.1341666666667
"346";"d";-34.75;-56.25;"B";4;5.33111111111111
"347";"c";-34.75;-57.75;"A";1;1.9625
"352";"a";-35.25;-52.75;"A";4;10.3608333333333
"352";"c";-35.75;-52.75;"A";1;54.2611111111111
"352";"c";-35.75;-52.75;"A";3;18.5027777777778
"352";"c";-35.75;-52.75;"A";4;66.5927777777778
"353";"c";-35.75;-53.75;"A";4;3.54361111111111
"353";"d";-35.75;-53.25;"A";1;45.9813888888889
"353";"d";-35.75;-53.25;"A";3;11.5416666666667
"353";"d";-35.75;-53.25;"A";4;73.425
"354";"a";-35.25;-54.75;"A";2;2.4025
"354";"a";-35.25;-54.75;"B";1;31.7
"354";"a";-35.25;-54.75;"B";2;16.8033333333333
"354";"a";-35.25;-54.75;"B";3;97.0186111111111
"354";"a";-35.25;-54.75;"B";4;26.7808333333333
"354";"b";-35.25;-54.25;"B";1;10.3180555555556
"354";"b";-35.25;-54.25;"B";2;4.75638888888889
"354";"b";-35.25;-54.25;"B";3;33.6369444444444
"354";"b";-35.25;-54.25;"B";4;15.7533333333333
"354";"c";-35.75;-54.75;"B";4;12.5966666666667
"355";"a";-35.25;-55.75;"B";1;11.9858333333333
"355";"a";-35.25;-55.75;"B";3;173.525277777778
"355";"a";-35.25;-55.75;"B";4;373.9525
"355";"b";-35.25;-55.25;"B";1;23.9688888888889
"355";"b";-35.25;-55.25;"B";2;0.761111111111111
"355";"b";-35.25;-55.25;"B";3;110.406388888889
"355";"b";-35.25;-55.25;"B";4;41.6680555555556
"355";"c";-35.75;-55.75;"A";3;7.01083333333333
"355";"d";-35.75;-55.25;"A";2;3.71472222222222
"356";"a";-35.25;-56.75;"B";1;49.3469444444444
"356";"a";-35.25;-56.75;"B";3;37.0555555555556
"356";"a";-35.25;-56.75;"B";4;282.865277777778
"356";"b";-35.25;-56.25;"A";2;7.74444444444444
"356";"b";-35.25;-56.25;"A";3;8.27666666666667
"356";"b";-35.25;-56.25;"B";1;204.099444444444
"356";"b";-35.25;-56.25;"B";3;234.625833333333
"356";"b";-35.25;-56.25;"B";4;2053.4125
"356";"c";-35.75;-56.75;"B";3;31.7355555555556
"356";"c";-35.75;-56.75;"B";4;17.2316666666667
"357";"b";-35.25;-57.25;"B";3;9.87111111111111
"357";"d";-35.75;-57.25;"B";4;37.0891666666667
"362";"a";-36.25;-52.75;"A";4;4.05055555555556
"363";"a";-36.25;-53.75;"A";1;113.776944444444
"363";"a";-36.25;-53.75;"A";2;4.19972222222222
"363";"a";-36.25;-53.75;"A";3;65.0025
"363";"a";-36.25;-53.75;"A";4;118.326388888889
"363";"b";-36.25;-53.25;"A";1;194.823611111111
"363";"b";-36.25;-53.25;"A";2;10.8886111111111
"363";"b";-36.25;-53.25;"A";3;89.4063888888889
"363";"b";-36.25;-53.25;"A";4;172.328888888889
"363";"c";-36.75;-53.75;"A";1;116.371944444444
"363";"c";-36.75;-53.75;"A";2;19.9575
"363";"c";-36.75;-53.75;"A";3;36.6758333333333
"363";"c";-36.75;-53.75;"A";4;99.3897222222222
"364";"b";-36.25;-54.25;"A";4;28.3655555555556
"364";"c";-36.75;-54.75;"A";4;4.46
"364";"d";-36.75;-54.25;"A";1;91.5836111111111
"364";"d";-36.75;-54.25;"A";2;20.0508333333333
"364";"d";-36.75;-54.25;"A";3;51.2294444444444
"364";"d";-36.75;-54.25;"A";4;80.4488888888889
"365";"a";-36.25;-55.75;"A";4;3.78694444444444
"365";"b";-36.25;-55.25;"A";4;1.88083333333333
"365";"c";-36.75;-55.75;"A";4;1.34055555555556
"366";"a";-36.25;-56.75;"B";3;8.9625
"366";"a";-36.25;-56.75;"B";4;5.96638888888889
"366";"d";-36.75;-56.25;"A";3;2.84027777777778
"367";"b";-36.25;-57.25;"B";4;17.4344444444444
"373";"c";-37.75;-53.75;"A";1;2.45138888888889
"374";"a";-37.25;-54.75;"A";1;29.6841666666667
"374";"a";-37.25;-54.75;"A";2;31.0877777777778
"374";"a";-37.25;-54.75;"A";3;23.4016666666667
"374";"a";-37.25;-54.75;"A";4;38.7752777777778
"374";"b";-37.25;-54.25;"A";1;140.119722222222
"374";"b";-37.25;-54.25;"A";2;58.6741666666667
"374";"b";-37.25;-54.25;"A";3;10.6077777777778
"374";"b";-37.25;-54.25;"A";4;46.1
"374";"c";-37.75;-54.75;"A";1;22.8133333333333
"374";"c";-37.75;-54.75;"A";2;23.3561111111111
"374";"c";-37.75;-54.75;"A";3;35.1713888888889
"374";"c";-37.75;-54.75;"A";4;31.8783333333333
"375";"b";-37.25;-55.25;"A";3;7.81138888888889
"375";"d";-37.75;-55.25;"A";1;79.6088888888889
"375";"d";-37.75;-55.25;"A";2;50.8805555555556
"375";"d";-37.75;-55.25;"A";3;16.6072222222222
"375";"d";-37.75;-55.25;"A";4;34.325
"376";"b";-37.25;-56.25;"A";3;4.82805555555556
"376";"c";-37.75;-56.75;"A";1;2.82194444444444
"376";"d";-37.75;-56.25;"A";4;4.93833333333333
"377";"d";-37.75;-57.25;"A";2;0.934444444444444
"385";"a";-38.25;-55.75;"A";1;1.67416666666667
"385";"a";-38.25;-55.75;"A";2;2.30527777777778
"385";"b";-38.25;-55.25;"A";1;104.845
"385";"b";-38.25;-55.25;"A";2;78.7666666666667
"385";"b";-38.25;-55.25;"A";3;29.2469444444444
"385";"b";-38.25;-55.25;"A";4;35.8719444444444
"385";"c";-38.75;-55.75;"A";1;50.4875
"385";"c";-38.75;-55.75;"A";3;6.64666666666667
"385";"c";-38.75;-55.75;"A";4;11.2572222222222
"385";"d";-38.75;-55.25;"A";1;16.7016666666667
"385";"d";-38.75;-55.25;"A";2;22.2669444444444
"385";"d";-38.75;-55.25;"A";3;11.1055555555556
"385";"d";-38.75;-55.25;"A";4;16.035
"386";"a";-38.25;-56.75;"A";1;9.86694444444444
"386";"a";-38.25;-56.75;"A";2;5.21138888888889
"386";"a";-38.25;-56.75;"A";4;7.09694444444444
"386";"b";-38.25;-56.25;"A";4;1.11583333333333
"386";"c";-38.75;-56.75;"A";1;5.945
"386";"c";-38.75;-56.75;"A";4;16.1380555555556
"386";"d";-38.75;-56.25;"A";1;1.34527777777778
"387";"d";-38.75;-57.25;"A";4;3.14361111111111
"395";"a";-39.25;-55.75;"A";1;103.0725
"395";"a";-39.25;-55.75;"A";2;33.1447222222222
"395";"a";-39.25;-55.75;"A";3;35.9833333333333
"395";"a";-39.25;-55.75;"A";4;54.5233333333333
"395";"c";-39.75;-55.75;"A";1;1.67583333333333
"395";"c";-39.75;-55.75;"A";4;4.65777777777778
"396";"a";-39.25;-56.75;"A";3;6.69694444444444
"396";"a";-39.25;-56.75;"A";4;4.86361111111111
"396";"b";-39.25;-56.25;"A";1;46.0144444444444
"396";"b";-39.25;-56.25;"A";4;4.52916666666667
"396";"d";-39.75;-56.25;"A";1;16.4175
"396";"d";-39.75;-56.25;"A";3;1.97055555555556
"396";"d";-39.75;-56.25;"A";4;6.88027777777778
"397";"a";-39.25;-57.75;"A";1;9.72555555555556
"397";"a";-39.25;-57.75;"A";4;8.63388888888889
"397";"b";-39.25;-57.25;"A";1;13.6597222222222
"397";"c";-39.75;-57.75;"A";4;2.01166666666667
"397";"d";-39.75;-57.25;"A";4;11.2166666666667
"398";"b";-39.25;-58.25;"A";4;1.50027777777778
"429";"b";-42.25;-59.25;"A";4;1.26805555555556
"450";"c";-45.75;-50.75;"A";1;12.7225
"460";"a";-46.25;-50.75;"A";1;5.19722222222222
